"","Phenotype","ShapiroWilk.pvalue"
"1","SL","0.270639559492214"
"2","SFW","0.278854801141811"
"3","SPAD","0.890424505861079"
"4","RFW","2.20000744390874e-05"
"5","RDW","0.00083420543053247"
"6","RSR","1.65421019649217e-05"
"7","RSA","7.26865008271602e-05"
"8","RV","5.95352794933583e-05"
"9","SRL","0.0146417793010389"
"10","RTD","2.03564764623096e-13"
